outlet_length,c_values,
1.8,0.794194314,
3,0.778954342,
4.6,0.792635519,
6.9,0.848259312,
10,0.923068897,
14.7,0.991097315,
21.1,1.01885613,
30,1.018970402,
40,1